<?xml version="1.0"?>
<!--
   Copyright 2003-2004 The Apache Software Foundation

   Licensed under the Apache License, Version 2.0 (the "License");
   you may not use this file except in compliance with the License.
   You may obtain a copy of the License at

       http://www.apache.org/licenses/LICENSE-2.0

   Unless required by applicable law or agreed to in writing, software
   distributed under the License is distributed on an "AS IS" BASIS,
   WITHOUT WARRANTIES OR CONDITIONS OF ANY KIND, either express or implied.
   See the License for the specific language governing permissions and
   limitations under the License.
-->
<document>
   <properties>
      <title>Downloads</title>
   </properties>

   <body>
      <section name="Releases">
         <p><strong>Latest Stable Release</strong></p>
         <ul>
           <li><a href="http://jakarta.apache.org/site/binindex.cgi#commons-validator">1.1.3 Binary</a></li>
           <li><a href="http://jakarta.apache.org/site/sourceindex.cgi#commons-validator">1.1.3 Source</a></li>
         </ul>

          <p><strong>Latest Development Release</strong></p>
          <ul>
            <li><a href="http://www.apache.org/~niallp/validator/v1.1.4/commons-validator-1.1.4.zip">1.1.4 Binary</a></li>
            <li><a href="http://www.apache.org/~niallp/validator/v1.1.4/commons-validator-1.1.4-src.zip">1.1.4 Source</a></li>
          </ul>

         <p><strong>Nightly Builds</strong></p>
         <ul>
            <li><a href="http://cvs.apache.org/builds/jakarta-commons/nightly/commons-validator/">Binary/Source</a></li>
         </ul>

          <!--
          <p>
             <strong>Archived Releases</strong>
             <br/>
             Older releases are retained by the Apache Software Foundation but are
             moved into a
             <a href="http://archive.apache.org/dist/jakarta/commons/validator/">
             special archive area</a>.
          </p>
          -->

      </section>

   </body>
</document>
