<?xml version="1.0"?>

<!--
	digester-rules.xml defines the rules our Digester will use to transform 
	validation.xml files into Java objects.
	
	$Id: digester-rules.xml,v 1.4 2003/05/28 04:14:32 dgraham Exp $
-->


<!DOCTYPE digester-rules PUBLIC "-//Jakarta Apache //DTD digester-rules XML V1.0//EN" 
	"http://jakarta.apache.org/commons/digester/dtds/digester-rules.dtd">

<digester-rules>

	<pattern value="form-validation/global">
		
		<pattern value="constant">
			<call-method-rule methodname="addConstant" paramcount="2" />
			<call-param-rule pattern="constant-name" paramnumber="0" />
			<call-param-rule pattern="constant-value" paramnumber="1" />
		</pattern>
		
		<pattern value="validator">	
			<object-create-rule classname="org.apache.commons.validator.ValidatorAction" />
			<set-properties-rule/>
			<set-next-rule methodname="addValidatorAction" paramtype="org.apache.commons.validator.ValidatorAction" />
			<call-method-rule pattern="javascript" methodname="setJavascript" paramcount="0" />
		</pattern>
		
	</pattern>
	
	
	<pattern value="form-validation/formset">
		<object-create-rule classname="org.apache.commons.validator.FormSet" />
		<set-properties-rule/>
		<set-next-rule methodname="addFormSet" paramtype="org.apache.commons.validator.FormSet" />
		
		<pattern value="constant">
			<call-method-rule methodname="addConstant" paramcount="2" />
			<call-param-rule pattern="constant-name" paramnumber="0" />
			<call-param-rule pattern="constant-value" paramnumber="1" />
		</pattern>
		
		<pattern value="form">
			<object-create-rule classname="org.apache.commons.validator.Form" />
			<set-properties-rule/>
			<set-next-rule methodname="addForm" paramtype="org.apache.commons.validator.Form" />
			
			<pattern value="field">
				<object-create-rule classname="org.apache.commons.validator.Field" />
				<set-properties-rule/>
				<set-next-rule methodname="addField" paramtype="org.apache.commons.validator.Field" />
				
				<pattern value="var">
					<call-method-rule methodname="addVar" paramcount="3" />
					<call-param-rule pattern="var-name" paramnumber="0" />
					<call-param-rule pattern="var-value" paramnumber="1" />
					<call-param-rule pattern="var-jstype" paramnumber="2" />
				</pattern>
				
				<pattern value="msg">
					<object-create-rule classname="org.apache.commons.validator.Msg" />
					<set-properties-rule/>
					<set-next-rule methodname="addMsg" paramtype="org.apache.commons.validator.Msg" />
				</pattern>
				
				<pattern value="arg">
					<object-create-rule classname="org.apache.commons.validator.Arg" />
					<set-properties-rule/>
					<set-next-rule methodname="addArg" paramtype="org.apache.commons.validator.Arg" />
				</pattern>
				
				<!-- The arg0, etc. elements are deprecated.  We can remove these definitions after 1.1 -->
				<pattern value="arg0">
					<object-create-rule classname="org.apache.commons.validator.Arg" />
					<set-properties-rule/>
					<set-next-rule methodname="addArg0" paramtype="org.apache.commons.validator.Arg" />
				</pattern>
				<pattern value="arg1">
					<object-create-rule classname="org.apache.commons.validator.Arg" />
					<set-properties-rule/>
					<set-next-rule methodname="addArg1" paramtype="org.apache.commons.validator.Arg" />
				</pattern>
				<pattern value="arg2">
					<object-create-rule classname="org.apache.commons.validator.Arg" />
					<set-properties-rule/>
					<set-next-rule methodname="addArg2" paramtype="org.apache.commons.validator.Arg" />
				</pattern>
				<pattern value="arg3">
					<object-create-rule classname="org.apache.commons.validator.Arg" />
					<set-properties-rule/>
					<set-next-rule methodname="addArg3" paramtype="org.apache.commons.validator.Arg" />
				</pattern>
			
			</pattern>	
			
		</pattern>
		
	</pattern>
</digester-rules>
