<?xml version="1.0"?>
<!--
 Licensed to the Apache Software Foundation (ASF) under one or more
 contributor license agreements.  See the NOTICE file distributed with
 this work for additional information regarding copyright ownership.
 The ASF licenses this file to You under the Apache License, Version 2.0
 (the "License"); you may not use this file except in compliance with
 the License.  You may obtain a copy of the License at

      http://www.apache.org/licenses/LICENSE-2.0

 Unless required by applicable law or agreed to in writing, software
 distributed under the License is distributed on an "AS IS" BASIS,
 WITHOUT WARRANTIES OR CONDITIONS OF ANY KIND, either express or implied.
 See the License for the specific language governing permissions and
 limitations under the License.
-->
<document>
   <properties>
      <title>Downloads</title>
   </properties>

   <body>
      <section name="Download Validator">
         
         <subsection name="Releases">
            <p>Download the <a href="http://jakarta.apache.org/site/downloads/downloads_commons-validator.cgi">Latest Release</a>
               of Commons Validator.
            </p>
            <p>For details of whats new in each version see the <a href="changes-report.html">Release Notes</a>.</p>
            <p><a href="http://wiki.apache.org/jakarta-commons/ValidatorReleaseNotes">Community Notes</a> on
               release are maintained on the <a href="http://wiki.apache.org/jakarta-commons/">Jakarta Commons Wiki</a>.
            </p>
         </subsection>

         <subsection name="Archived Releases">
            <p>
               Older releases are retained by the Apache Software Foundation but are
               moved into a
               <a href="http://archive.apache.org/dist/jakarta/commons/validator/">
             special archive area</a>.
            </p>
         </subsection>

      </section>

   </body>
</document>
