<?xml version="1.0" encoding="UTF-8"?>
<!--
 Licensed to the Apache Software Foundation (ASF) under one or more
 contributor license agreements.  See the NOTICE file distributed with
 this work for additional information regarding copyright ownership.
 The ASF licenses this file to You under the Apache License, Version 2.0
 (the "License"); you may not use this file except in compliance with
 the License.  You may obtain a copy of the License at

      http://www.apache.org/licenses/LICENSE-2.0

 Unless required by applicable law or agreed to in writing, software
 distributed under the License is distributed on an "AS IS" BASIS,
 WITHOUT WARRANTIES OR CONDITIONS OF ANY KIND, either express or implied.
 See the License for the specific language governing permissions and
 limitations under the License.
-->

<project>
  <pomVersion>3</pomVersion>
  
  <name>Validator</name>
  <groupId>commons-validator</groupId>
  <artifactId>commons-validator</artifactId>
  <currentVersion>1.3.1</currentVersion>
  <inceptionYear>2002</inceptionYear>
  <shortDescription>Commons Validator</shortDescription>
  <description>
    Commons Validator provides the building blocks for both client side validation
    and server side data validation. It may be used standalone or with a framework like
    Struts.
  </description>
  <logo>/images/logo.png</logo>
  
  <url>http://jakarta.apache.org/commons/${pom.artifactId.substring(8)}/</url>
  <package>org.apache.commons.${pom.artifactId.substring(8)}</package>

  <organization>
    <name>The Apache Software Foundation</name>
    <url>http://jakarta.apache.org</url>
    <logo>http://jakarta.apache.org/images/original-jakarta-logo.gif</logo>
  </organization>

  <licenses>
    <license>
        <name>The Apache Software License, Version 2.0</name>
        <url>/LICENSE.txt</url>
        <distribution>repo</distribution>
    </license>
  </licenses>
  
  <gumpRepositoryId>jakarta</gumpRepositoryId>
  <issueTrackingUrl>http://issues.apache.org/jira/</issueTrackingUrl>
  <siteAddress>people.apache.org</siteAddress>
  <siteDirectory>/www/jakarta.apache.org/commons/${pom.artifactId.substring(8)}/</siteDirectory>
  <distributionDirectory>/www/jakarta.apache.org/builds/jakarta-commons/${pom.artifactId.substring(8)}/</distributionDirectory>
  
  <repository>
    <connection>scm:svn:http://svn.apache.org/repos/asf/jakarta/commons/proper/${pom.artifactId.substring(8)}/trunk</connection>
    <url>http://svn.apache.org/viewvc</url>
  </repository>
  
  <mailingLists>
    <mailingList>
      <name>Commons Dev List</name>
      <subscribe>commons-dev-subscribe@jakarta.apache.org</subscribe>
      <unsubscribe>commons-dev-unsubscribe@jakarta.apache.org</unsubscribe>
      <archive>http://mail-archives.apache.org/mod_mbox/jakarta-commons-dev/</archive>
    </mailingList>
    <mailingList>
      <name>Commons User List</name>
      <subscribe>commons-user-subscribe@jakarta.apache.org</subscribe>
      <unsubscribe>commons-user-unsubscribe@jakarta.apache.org</unsubscribe>
      <archive>http://mail-archives.apache.org/mod_mbox/jakarta-commons-user/</archive>
    </mailingList>
  </mailingLists>

  <versions>
    <version>
      <id>1.1.3</id>
      <name>1.1.3</name>
      <tag>VALIDATOR_1_1_3/</tag>
    </version>
    <version>
      <id>1.1.4</id>
      <name>1.1.4</name>
      <tag>VALIDATOR_1_1_4/</tag>
    </version>
    <version>
      <id>1.2.0</id>
      <name>1.2.0</name>
      <tag>VALIDATOR_1_2_0/</tag>
    </version>
    <version>
      <id>1.3.0</id>
      <name>1.3.0</name>
      <tag>VALIDATOR_1_3_0/</tag>
    </version>
  </versions>
 
  <developers>
    <developer>
      <name>Don Brown</name>
      <id>mrdon</id>
      <email>mrdon@apache.org</email>
    </developer>
    <developer>
      <name>Martin Cooper</name>
      <id>martinc</id>
      <email>martinc@apache.org</email>
    </developer>
    <developer>
      <name>David Graham</name>
      <id>dgraham</id>
      <email>dgraham@apache.org</email>
    </developer>
    <developer>
      <name>Ted Husted</name>
      <id>husted</id>
      <email>husted@apache.org</email>
    </developer>
    <developer>
      <name>Rob Leland</name>
      <id>rleland</id>
      <email>rleland at apache.org</email>
    </developer>
    <developer>
      <name>Craig McClanahan</name>
      <id>craigmcc</id>
      <email>craigmcc@apache.org</email>
    </developer>
    <developer>
      <name>James Mitchell</name>
      <id>jmitchell</id>
      <email>jmitchell NOSPAM apache.org</email>
      <organization>EdgeTech, Inc</organization>
    </developer>
    <developer>
      <name>Niall Pemberton</name>
      <id>niallp</id>
    </developer>
    <developer>
      <name>James Turner</name>
      <id>turner</id>
      <email>turner@apache.org</email>
    </developer>
    <developer>
      <name>David Winterfeldt</name>
      <id>dwinterfeldt</id>
      <email>dwinterfeldt@apache.org</email>
    </developer>
    <developer>
      <name>Henri Yandell</name>
      <id>bayard</id>
    </developer>
   </developers>
  
  <contributors>
    <contributor>
      <name>Saul Q Yuan Add</name>
    </contributor>
    <contributor>
      <name>Shane Bailey</name>
    </contributor>
    <contributor>
      <name>Dave Derry</name>
    </contributor>
   <contributor>
      <name>Tim O'Brien</name>
    </contributor>
   <contributor>
      <name>Scott Clasen</name>
      <email>ticktock@speakeasy.net></email>
    </contributor>
    <contributor>
      <name>Marcus Brito Finish</name>
    </contributor>
  <contributor>
      <name>Padma Ginnaram</name>
    </contributor>
   <contributor>
      <name>Thomas Jacob</name>
      <email>thomas.jacob@sinnerschrader.com</email>
    </contributor>
    <contributor>
      <name>Adam Kramer</name>
    </contributor>
    <contributor>
      <name>Greg Ludington</name>
    </contributor>
   <contributor>
      <name>Bjorn-H. Moritz</name>
    </contributor>
     <contributor>
      <name>David Neuer</name>
      <email>DavidNeuer@nascopgh.com</email>
    </contributor>
   <contributor>
      <name>Kurt Post</name>
    </contributor>
   <contributor>
      <name>Arun Mammen Thomas</name>
    </contributor>
   <contributor>
      <name>Steven Fines</name>
      <email>steven.fines@cotelligent.com</email>
    </contributor>
   <contributor>
      <name>Didier Romelot</name>
      <email>didier.romelot@renault.com</email>
    </contributor>
    <contributor>
      <name>Steve Stair</name>
    </contributor>
   <contributor>
      <name>Jeremy Tan</name>
      <email>jeremytan@scualum.com</email>
    </contributor>
    <contributor>
      <name>94RGt2</name>
      <email>lmagee@biziworks.com.au</email>
    </contributor>
      <contributor>
        <name>Nacho G. Mac Dowell</name>
      </contributor>
    <contributor>
      <name>Mark Lowe</name>
      <email>mark.lowe@boxstuff.com</email>
    </contributor>

  </contributors>
  
  <dependencies>

    <dependency>
      <groupId>commons-beanutils</groupId>
      <artifactId>commons-beanutils</artifactId>
      <version>1.7.0</version>
      <url>http://jakarta.apache.org/commons/beanutils/</url>
      <properties>
          <comment>
              &lt;strong&gt;Required&lt;/strong&gt; 
          </comment>
      </properties>
    </dependency>

    <dependency>
      <groupId>commons-digester</groupId>
      <artifactId>commons-digester</artifactId>
      <version>1.6</version>
      <url>http://jakarta.apache.org/commons/digester/</url>
      <properties>
          <comment>
              Usually &lt;strong&gt;Required&lt;/strong&gt; 
              (when using XML configuration).
          </comment>
      </properties>
    </dependency>

    <dependency>
      <groupId>commons-logging</groupId>
      <artifactId>commons-logging</artifactId>
      <version>1.0.4</version>
      <url>http://jakarta.apache.org/commons/logging/</url>
      <properties>
          <comment>
              &lt;strong&gt;Required&lt;/strong&gt; 
          </comment>
      </properties>
    </dependency>
    
    <dependency>
      <groupId>oro</groupId>
      <artifactId>oro</artifactId>
      <version>2.0.8</version>
      <url>http://jakarta.apache.org/oro/</url>
      <properties>
          <optional>true</optional>
          <comment>
              &lt;strong&gt;Optional&lt;/strong&gt; - only required for
              URL, Email and Regular Expression validation.
          </comment>
      </properties>
    </dependency>

    <dependency>
      <groupId>xml-apis</groupId>
      <artifactId>xml-apis</artifactId>
      <version>2.0.2</version>
      <url>http://xml.apache.org/commons/</url>
      <properties>
          <scope>provided</scope>
          <comment>
              &lt;strong&gt;JDK 1.3&lt;/strong&gt; - NOT required for
              JDK 1.4 and higher. For pre-JDK 1.4, required when using
              XML configuration.
          </comment>
      </properties>
    </dependency>

    <!-- for unit tests -->
    <dependency>
      <groupId>junit</groupId>
      <artifactId>junit</artifactId>
      <version>3.8.1</version>
      <url>http://www.junit.org/</url>
      <properties>
          <scope>test</scope>
          <comment>
              &lt;strong&gt;Test Only&lt;/strong&gt; - required only for
              running the Validator unit tests.
          </comment>
      </properties>
    </dependency>

    <dependency>
      <groupId>maven</groupId>
      <artifactId>maven-xdoc-plugin</artifactId>
      <version>1.9.2</version>
      <url>http://maven.apache.org/reference/plugins/xdoc/</url>
      <type>plugin</type>
      <properties>
          <comment>
              &lt;strong&gt;Site Only&lt;/strong&gt; - v1.9.2 (minimum)
              required for building the Validator Site documentation.
          </comment>
      </properties>
    </dependency>

    <dependency>
      <groupId>maven</groupId>
      <artifactId>maven-changelog-plugin</artifactId>
      <version>1.8.2</version>
      <url>http://maven.apache.org/reference/plugins/changelog/</url>
      <type>plugin</type>
      <properties>
          <comment>
              &lt;strong&gt;Site Only&lt;/strong&gt; - v1.8.2 (minimum)
              required for building the Validator Site documentation.
          </comment>
      </properties>
    </dependency>

    <dependency>
      <groupId>maven</groupId>
      <artifactId>maven-changes-plugin</artifactId>
      <version>1.6</version>
      <url>http://maven.apache.org/reference/plugins/changes/</url>
      <type>plugin</type>
      <properties>
          <comment>
              &lt;strong&gt;Site Only&lt;/strong&gt; - v1.6 (minimum)
              required for building the Validator Site documentation.
          </comment>
      </properties>
    </dependency>

    <dependency>
      <groupId>maven-plugins</groupId>
      <artifactId>maven-cobertura-plugin</artifactId>
      <version>1.1.1</version>
      <url>http://maven-plugins.sourceforge.net/maven-cobertura-plugin/</url>
      <type>plugin</type>
      <properties>
          <scope>test</scope>
          <comment>
              Required only for generating test coverage reports.
          </comment>
      </properties>
    </dependency>

  </dependencies>

  <build>
    <nagEmailAddress>commons-dev@jakarta.apache.org</nagEmailAddress>
    <sourceDirectory>src/share</sourceDirectory>
    <unitTestSourceDirectory>src/test</unitTestSourceDirectory>

    <unitTest>
      <includes>
        <include>**/*Test.java</include>
      </includes>
      <excludes>
        <exclude>**/routines/BaseCalendarValidatorTest.java</exclude>
        <exclude>**/routines/BaseNumberValidatorTest.java</exclude>
      </excludes>
      <resources>
        <resource>
          <directory>${pom.build.unitTestSourceDirectory}</directory>
          <includes>
            <include>**/*.xml</include>
          </includes>
        </resource>
      </resources>
    </unitTest>

    <resources>
    <resource>
      <directory>${basedir}</directory>
      <targetPath>META-INF</targetPath>
      <includes>
        <include>NOTICE.txt</include>
      </includes>
    </resource>
  </resources>


  </build>

  <reports>
    <report>maven-checkstyle-plugin</report>
    <report>maven-changes-plugin</report>
    <report>maven-changelog-plugin</report>
    <report>maven-javadoc-plugin</report>
    <report>maven-jxr-plugin</report>
    <report>maven-license-plugin</report>
    <report>maven-junit-report-plugin</report>
    <report>maven-jcoverage-plugin</report>
  </reports>

</project>
